[{"name":"FIFA World Cup","sport":"Fútbol (Fútbol Asociación)","category":"Internacionales","imageUrl":"https://upload.wikimedia.org/wikipedia/en/thumb/e/e3/2022_FIFA_World_Cup.svg/1200px-2022_FIFA_World_Cup.svg.png","lastUpdated":"2025-04-08T13:32:38.094Z","id":1},{"name":"UEFA Champions League","sport":"Fútbol (Fútbol Asociación)","category":"Internacionales","imageUrl":"https://cdn.worldvectorlogo.com/logos/uefa-champions-league-1.svg","lastUpdated":"2025-04-08T13:32:39.118Z","id":2},{"name":"UEFA Europa League","sport":"Fútbol (Fútbol Asociación)","category":"Internacionales","imageUrl":"https://upload.wikimedia.org/wikipedia/commons/7/78/Europa_League_2021.svg","lastUpdated":"2025-04-08T13:32:40.158Z","id":3},{"name":"Copa América","sport":"Fútbol (Fútbol Asociación)","category":"Internacionales","imageUrl":"https://brandlogos.net/wp-content/uploads/2021/04/2021-copa-amrica-logo.png","lastUpdated":"2025-04-08T13:32:41.490Z","id":4},{"name":"Copa Libertadores (CONMEBOL)","sport":"Fútbol (Fútbol Asociación)","category":"Internacionales","imageUrl":"https://brandlogos.net/wp-content/uploads/2022/11/copa_libertadores-logo_brandlogos.net_fh1mg.png","lastUpdated":"2025-04-08T13:32:42.420Z","id":5},{"name":"Copa Sudamericana","sport":"Fútbol (Fútbol Asociación)","category":"Internacionales","imageUrl":"https://upload.wikimedia.org/wikipedia/en/thumb/c/c2/CONMEBOL_Sudamericana_logo_%282017%29.svg/1200px-CONMEBOL_Sudamericana_logo_%282017%29.svg.png","lastUpdated":"2025-04-08T13:32:43.762Z","id":6},{"name":"AFC Champions League (Asia)","sport":"Fútbol (Fútbol Asociación)","category":"Internacionales","imageUrl":"https://brandlogos.net/wp-content/uploads/2022/03/afc_champions_league-logo-brandlogos.net_.png","lastUpdated":"2025-04-08T13:32:44.829Z","id":7},{"name":"CAF Champions League (África)","sport":"Fútbol (Fútbol Asociación)","category":"Internacionales","imageUrl":"https://upload.wikimedia.org/wikipedia/fr/f/f3/CAF_Champions_League_Logo.svg","lastUpdated":"2025-04-08T13:32:46.189Z","id":8},{"name":"Concacaf Champions League (Norteamérica)","sport":"Fútbol (Fútbol Asociación)","category":"Internacionales","imageUrl":"https://images.seeklogo.com/logo-png/3/1/concacaf-champions-league-logo-png_seeklogo-34386.png","lastUpdated":"2025-04-08T13:32:47.257Z","id":9},{"name":"Copa Mundial de Clubes de la FIFA","sport":"Fútbol (Fútbol Asociación)","category":"Internacionales","imageUrl":"https://upload.wikimedia.org/wikipedia/commons/thumb/a/ad/2025_FIFA_Club_World_Cup.svg/2048px-2025_FIFA_Club_World_Cup.svg.png","lastUpdated":"2025-04-08T13:32:48.351Z","id":10},{"name":"UEFA Nations League","sport":"Fútbol (Fútbol Asociación)","category":"Internacionales","imageUrl":"https://brandlogos.net/wp-content/uploads/2021/10/uefa-nations-league-logo.png","lastUpdated":"2025-04-08T13:32:49.361Z","id":11},{"name":"Copa Oro (Concacaf)","sport":"Fútbol (Fútbol Asociación)","category":"Internacionales","imageUrl":"https://upload.wikimedia.org/wikipedia/commons/thumb/b/b5/Concacaf_Gold_Cup_2021.svg/2560px-Concacaf_Gold_Cup_2021.svg.png","lastUpdated":"2025-04-08T13:32:50.223Z","id":12},{"name":"Premier League (Inglaterra)","sport":"Fútbol (Fútbol Asociación)","category":"Nacionales","imageUrl":"https://cdn.worldvectorlogo.com/logos/premier-league-1.svg","lastUpdated":"2025-04-08T13:32:51.290Z","id":13},{"name":"La Liga (España)","sport":"Fútbol (Fútbol Asociación)","category":"Nacionales","imageUrl":"https://upload.wikimedia.org/wikipedia/commons/thumb/0/0f/LaLiga_logo_2023.svg/1200px-LaLiga_logo_2023.svg.png","lastUpdated":"2025-04-08T13:32:52.230Z","id":14},{"name":"Serie A (Italia)","sport":"Fútbol (Fútbol Asociación)","category":"Nacionales","imageUrl":"https://upload.wikimedia.org/wikipedia/commons/thumb/e/e9/Serie_A_logo_2022.svg/1193px-Serie_A_logo_2022.svg.png","lastUpdated":"2025-04-08T13:32:53.175Z","id":15},{"name":"Bundesliga (Alemania)","sport":"Fútbol (Fútbol Asociación)","category":"Nacionales","imageUrl":"https://vectorportal.com/storage/bundesliga_3484.jpg","lastUpdated":"2025-04-08T13:32:53.991Z","id":16},{"name":"Ligue 1 (Francia)","sport":"Fútbol (Fútbol Asociación)","category":"Nacionales","imageUrl":"https://upload.wikimedia.org/wikipedia/commons/5/5e/Ligue1.svg","lastUpdated":"2025-04-08T13:32:54.770Z","id":17},{"name":"MLS (Estados Unidos/México)","sport":"Fútbol (Fútbol Asociación)","category":"Nacionales","imageUrl":"https://logotyp.us/file/mls.svg","lastUpdated":"2025-04-08T13:32:55.734Z","id":18},{"name":"Primera División (Argentina, México, Colombia)","sport":"Fútbol (Fútbol Asociación)","category":"Nacionales","imageUrl":"https://logotyp.us/file/argentine-primera.svg","lastUpdated":"2025-04-08T13:32:56.732Z","id":19},{"name":"Serie A (Brasil)","sport":"Fútbol (Fútbol Asociación)","category":"Nacionales","imageUrl":"https://1000logos.net/wp-content/uploads/2023/04/Campeonato-Brasileiro-Serie-A-logo.jpg","lastUpdated":"2025-04-08T13:32:57.808Z","id":20},{"name":"Eredivisie (Holanda)","sport":"Fútbol (Fútbol Asociación)","category":"Nacionales","imageUrl":"https://upload.wikimedia.org/wikipedia/commons/0/0f/Eredivisie_nieuw_logo_2017-.svg","lastUpdated":"2025-04-08T13:32:58.785Z","id":21},{"name":"J1 League (Japón)","sport":"Fútbol (Fútbol Asociación)","category":"Nacionales","imageUrl":"https://upload.wikimedia.org/wikipedia/commons/e/e5/J.League.svg","lastUpdated":"2025-04-08T13:32:59.519Z","id":22},{"name":"K League (Corea del Sur)","sport":"Fútbol (Fútbol Asociación)","category":"Nacionales","imageUrl":"https://upload.wikimedia.org/wikipedia/en/2/2d/K_League_1.svg","lastUpdated":"2025-04-08T13:33:00.768Z","id":23},{"name":"Super League (Suiza)","sport":"Fútbol (Fútbol Asociación)","category":"Nacionales","imageUrl":"https://seeklogo.com/images/C/credit-suisse-super-league-logo-533BE7356C-seeklogo.com.png","lastUpdated":"2025-04-08T13:33:01.657Z","id":24},{"name":"Premier Division (Escocia)","sport":"Fútbol (Fútbol Asociación)","category":"Nacionales","imageUrl":"https://seeklogo.com/images/S/scottish-premier-league-logo-5CA05D8508-seeklogo.com.png","lastUpdated":"2025-04-08T13:33:03.124Z","id":25},{"name":"Superliga (Rusia)","sport":"Fútbol (Fútbol Asociación)","category":"Nacionales","imageUrl":"https://cdn.worldvectorlogo.com/logos/basketball-superleague-1.svg","lastUpdated":"2025-04-08T13:33:04.011Z","id":26},{"name":"Liga MX (México)","sport":"Fútbol (Fútbol Asociación)","category":"Nacionales","imageUrl":"https://upload.wikimedia.org/wikipedia/commons/f/f8/MX_logo.png","lastUpdated":"2025-04-08T13:33:05.168Z","id":27},{"name":"Saudi Pro League (Arabia Saudita)","sport":"Fútbol (Fútbol Asociación)","category":"Nacionales","imageUrl":"https://upload.wikimedia.org/wikipedia/commons/4/42/Saudi_Pro_League_Logo.svg","lastUpdated":"2025-04-08T13:33:06.337Z","id":28},{"name":"FIBA Basketball World Cup","sport":"Baloncesto","category":"Internacionales","imageUrl":"https://upload.wikimedia.org/wikipedia/commons/0/07/FIBA_Basketball_World_Cup_logo.svg","lastUpdated":"2025-04-08T13:33:07.289Z","id":29},{"name":"EuroBasket","sport":"Baloncesto","category":"Internacionales","imageUrl":"https://images.seeklogo.com/logo-png/59/1/fiba-eurobasket-2025-logo-png_seeklogo-598239.png","lastUpdated":"2025-04-08T13:33:08.785Z","id":30},{"name":"FIBA AmeriCup","sport":"Baloncesto","category":"Internacionales","imageUrl":"https://upload.wikimedia.org/wikipedia/en/4/45/FIBA_AmeriCup.png","lastUpdated":"2025-04-08T13:33:09.596Z","id":31},{"name":"FIBA Asia Cup","sport":"Baloncesto","category":"Internacionales","imageUrl":"https://seeklogo.com/images/F/fiba-asia-cup-indonesia-2022-logo-E39125D7F4-seeklogo.com.png","lastUpdated":"2025-04-08T13:33:10.578Z","id":32},{"name":"FIBA Women's World Cup","sport":"Baloncesto","category":"Internacionales","imageUrl":"https://content.sportslogos.net/logos/218/6849/full/_fiba_womens_basketball_world_cup_logo_primary_2022_sportslogosnet-9594.png","lastUpdated":"2025-04-08T13:33:11.331Z","id":33},{"name":"Olympic Basketball Tournament","sport":"Baloncesto","category":"Internacionales","imageUrl":"https://upload.wikimedia.org/wikipedia/commons/thumb/6/6d/USA_Basketball_logo.svg/1200px-USA_Basketball_logo.svg.png","lastUpdated":"2025-04-08T13:33:12.261Z","id":34},{"name":"NBA (Estados Unidos)","sport":"Baloncesto","category":"Ligas","imageUrl":"https://upload.wikimedia.org/wikipedia/commons/thumb/6/6d/USA_Basketball_logo.svg/262px-USA_Basketball_logo.svg.png","lastUpdated":"2025-04-08T13:33:13.177Z","id":35},{"name":"WNBA (Estados Unidos)","sport":"Baloncesto","category":"Ligas","imageUrl":"https://findvectorlogo.com/wp-content/uploads/2020/06/wnba-vector-logo.png","lastUpdated":"2025-04-08T13:33:14.097Z","id":36},{"name":"EuroLeague (Europa)","sport":"Baloncesto","category":"Ligas","imageUrl":"https://logosandtypes.com/wp-content/uploads/2023/03/Euroleague.png","lastUpdated":"2025-04-08T13:33:14.849Z","id":37},{"name":"EuroCup (Europa)","sport":"Baloncesto","category":"Ligas","imageUrl":"https://seeklogo.com/images/U/uefa-euro-2024-logo-124EEA67D8-seeklogo.com.png","lastUpdated":"2025-04-08T13:33:15.836Z","id":38},{"name":"Australian NBL","sport":"Baloncesto","category":"Ligas","imageUrl":"https://upload.wikimedia.org/wikipedia/en/thumb/b/b2/NBL_%28Australia%29_logo.svg/1200px-NBL_%28Australia%29_logo.svg.png","lastUpdated":"2025-04-08T13:33:16.741Z","id":39},{"name":"Chinese CBA","sport":"Baloncesto","category":"Ligas","imageUrl":"https://upload.wikimedia.org/wikipedia/en/thumb/5/53/Chinese_Basketball_Association.svg/1200px-Chinese_Basketball_Association.svg.png","lastUpdated":"2025-04-08T13:33:17.580Z","id":40},{"name":"Greek Basket League","sport":"Baloncesto","category":"Ligas","imageUrl":"https://www.thesportsdb.com/images/media/league/badge/z39ouv1667032625.png","lastUpdated":"2025-04-08T13:33:18.517Z","id":41},{"name":"Spanish ACB","sport":"Baloncesto","category":"Ligas","imageUrl":"https://upload.wikimedia.org/wikipedia/commons/3/3f/Acb_2019_logo.svg","lastUpdated":"2025-04-08T13:33:19.359Z","id":42},{"name":"Italian Serie A","sport":"Baloncesto","category":"Ligas","imageUrl":"https://upload.wikimedia.org/wikipedia/commons/thumb/e/e9/Serie_A_logo_2022.svg/1193px-Serie_A_logo_2022.svg.png","lastUpdated":"2025-04-08T13:33:20.225Z","id":43},{"name":"Turkish Basketball Super League","sport":"Baloncesto","category":"Ligas","imageUrl":"https://idsb.tmgrup.com.tr/2015/07/02/GenelBuyuk/1435864215391_rs.jpg","lastUpdated":"2025-04-08T13:33:21.606Z","id":44},{"name":"NFL (Estados Unidos/Canadá)","sport":"American Football","category":"Ligas","imageUrl":"https://brandlogos.net/wp-content/uploads/2015/12/nfl-logo_brandlogos.net_cxeg3-300x411.png","lastUpdated":"2025-04-08T13:33:22.554Z","id":45},{"name":"CFL (Canadá)","sport":"American Football","category":"Ligas","imageUrl":"https://upload.wikimedia.org/wikipedia/commons/thumb/9/9e/CFL_Logo.svg/2245px-CFL_Logo.svg.png","lastUpdated":"2025-04-08T13:33:23.246Z","id":46},{"name":"XFL (Estados Unidos)","sport":"American Football","category":"Ligas","imageUrl":"https://upload.wikimedia.org/wikipedia/commons/thumb/3/3d/Logo_of_the_XFL.svg/2560px-Logo_of_the_XFL.svg.png","lastUpdated":"2025-04-08T13:33:24.317Z","id":47},{"name":"Super Bowl (NFL)","sport":"American Football","category":"Competencias","imageUrl":"https://crystalpng.com/wp-content/uploads/2025/01/super-bowl-logo-2025.png","lastUpdated":"2025-04-08T13:33:25.283Z","id":48},{"name":"Grey Cup (CFL)","sport":"American Football","category":"Competencias","imageUrl":"https://content.sportslogos.net/logos/8/1117/full/_grey_cup_logo_primary_2023_sportslogosnet-6638.png","lastUpdated":"2025-04-08T13:33:26.379Z","id":49},{"name":"College Football Playoff (NCAA)","sport":"American Football","category":"Competencias","imageUrl":"https://upload.wikimedia.org/wikipedia/commons/1/18/Logo_of_college_football_playoff.svg","lastUpdated":"2025-04-08T13:33:27.463Z","id":50},{"name":"World Baseball Classic","sport":"Beisbol","category":"Internacionales","imageUrl":"https://upload.wikimedia.org/wikipedia/commons/thumb/2/2e/WBC_logo.svg/2560px-WBC_logo.svg.png","lastUpdated":"2025-04-08T13:33:28.578Z","id":51},{"name":"WBSC Baseball World Cup","sport":"Beisbol","category":"Internacionales","imageUrl":"https://upload.wikimedia.org/wikipedia/commons/thumb/7/79/Wbsc-logo.svg/1200px-Wbsc-logo.svg.png","lastUpdated":"2025-04-08T13:33:29.333Z","id":52},{"name":"MLB (Estados Unidos/Canadá)","sport":"Beisbol","category":"Ligas","imageUrl":"https://upload.wikimedia.org/wikipedia/commons/thumb/a/a6/Major_League_Baseball_logo.svg/2560px-Major_League_Baseball_logo.svg.png","lastUpdated":"2025-04-08T13:33:30.193Z","id":53},{"name":"Nippon Professional Baseball (Japón)","sport":"Beisbol","category":"Ligas","imageUrl":"https://upload.wikimedia.org/wikipedia/commons/thumb/7/7f/NPB_logo.svg/1200px-NPB_logo.svg.png","lastUpdated":"2025-04-08T13:33:31.520Z","id":54},{"name":"KBO League (Corea del Sur)","sport":"Beisbol","category":"Ligas","imageUrl":"https://seeklogo.com/images/K/kbo-korea-baseball-organization-logo-DAF2118D7E-seeklogo.com.png","lastUpdated":"2025-04-08T13:33:32.515Z","id":55},{"name":"Mexican League","sport":"Beisbol","category":"Ligas","imageUrl":"https://upload.wikimedia.org/wikipedia/en/8/8f/Liga_MX.svg","lastUpdated":"2025-04-08T13:33:33.639Z","id":56},{"name":"Australian ABL","sport":"Beisbol","category":"Ligas","imageUrl":"https://1000logos.net/wp-content/uploads/2018/09/Australian-Baseball-League-logo-ABL.png","lastUpdated":"2025-04-08T13:33:34.471Z","id":57},{"name":"NHL (Estados Unidos/Canadá)","sport":"Hockey sobre Hielo","category":"Ligas","imageUrl":"https://i.pinimg.com/564x/3f/e6/e9/3fe6e95aae068a6f3667443382476eef.jpg","lastUpdated":"2025-04-08T13:33:35.676Z","id":58},{"name":"KHL (Rusia/Europa)","sport":"Hockey sobre Hielo","category":"Ligas","imageUrl":"https://upload.wikimedia.org/wikipedia/en/thumb/a/a9/KHL_logo_shield_2016.svg/1200px-KHL_logo_shield_2016.svg.png","lastUpdated":"2025-04-08T13:33:36.650Z","id":59},{"name":"Swedish Hockey League","sport":"Hockey sobre Hielo","category":"Ligas","imageUrl":"https://upload.wikimedia.org/wikipedia/commons/9/98/Swedish_Hockey_League_logo.svg","lastUpdated":"2025-04-08T13:33:37.677Z","id":60},{"name":"Czech Extraliga","sport":"Hockey sobre Hielo","category":"Ligas","imageUrl":"https://upload.wikimedia.org/wikipedia/en/e/ea/Czech_Extraliga_logo.png","lastUpdated":"2025-04-08T13:33:38.658Z","id":61},{"name":"Stanley Cup (NHL)","sport":"Hockey sobre Hielo","category":"Competencias","imageUrl":"https://seeklogo.com/images/N/nhl-2022-stanley-cup-playoffs-logo-28FCB56F0A-seeklogo.com.png","lastUpdated":"2025-04-08T13:33:39.621Z","id":62},{"name":"IIHF World Championship","sport":"Hockey sobre Hielo","category":"Competencias","imageUrl":"https://seeklogo.com/images/I/iihf-world-championship-logo-B06FBA66F0-seeklogo.com.png","lastUpdated":"2025-04-08T13:33:40.610Z","id":63},{"name":"Olympics Hockey","sport":"Hockey sobre Hielo","category":"Competencias","imageUrl":"https://upload.wikimedia.org/wikipedia/commons/f/fb/Olympics.svg","lastUpdated":"2025-04-08T13:33:41.553Z","id":64},{"name":"Rugby World Cup","sport":"Rugby","category":"Internacionales","imageUrl":"https://upload.wikimedia.org/wikipedia/commons/6/66/Rugby_World_Cup_footer_logo_%28post-2023%29.svg","lastUpdated":"2025-04-08T13:33:42.504Z","id":65},{"name":"Six Nations (Europa)","sport":"Rugby","category":"Internacionales","imageUrl":"https://www.vectorkhazana.com/assets/images/products/Rugby_-_VI_Nations_202.jpg","lastUpdated":"2025-04-08T13:33:43.359Z","id":66},{"name":"The Rugby Championship (Argentina, Australia, Sudáfrica, Nueva Zelanda)","sport":"Rugby","category":"Internacionales","imageUrl":"https://upload.wikimedia.org/wikipedia/en/thumb/d/db/The_Rugby_Championship_logo.svg/1200px-The_Rugby_Championship_logo.svg.png","lastUpdated":"2025-04-08T13:33:44.659Z","id":67},{"name":"World Rugby Sevens Series","sport":"Rugby","category":"Internacionales","imageUrl":"https://www.vectorkhazana.com/assets/images/products/Rugby_-_Hamilton_202.jpg","lastUpdated":"2025-04-08T13:33:45.633Z","id":68},{"name":"Premiership Rugby (Inglaterra)","sport":"Rugby","category":"Ligas","imageUrl":"https://upload.wikimedia.org/wikipedia/commons/d/d6/Logo_of_Premiership_Rugby_2018.svg","lastUpdated":"2025-04-08T13:33:46.582Z","id":69},{"name":"Super Rugby (Oceanía)","sport":"Rugby","category":"Ligas","imageUrl":"https://i.namu.wiki/i/b7oaPtxbDUK9foKyY859ouLBgvstoG-9lVLMZ77bk5nz8LAjBzXib2IRTMTwl-vly6STB3akqEV3PK6mRaHcyg.svg","lastUpdated":"2025-04-08T13:33:47.303Z","id":70},{"name":"Top 14 (Francia)","sport":"Rugby","category":"Ligas","imageUrl":"https://upload.wikimedia.org/wikipedia/fr/thumb/3/3a/Top_14.svg/2048px-Top_14.svg.png","lastUpdated":"2025-04-08T13:33:48.272Z","id":71},{"name":"Pro14 (Irlanda, Gales, Escocia, Italia)","sport":"Rugby","category":"Ligas","imageUrl":"https://previews.123rf.com/images/irrrina/irrrina2204/irrrina220400014/185231839-bandeiras-da-inglaterra-esc%C3%B3cia-irlanda-do-norte-gales.jpg","lastUpdated":"2025-04-08T13:33:49.253Z","id":72},{"name":"ICC Cricket World Cup","sport":"Cricket","category":"Internacionales","imageUrl":"https://upload.wikimedia.org/wikipedia/en/thumb/e/eb/2023_CWC_Logo.svg/640px-2023_CWC_Logo.svg.png","lastUpdated":"2025-04-08T13:33:50.143Z","id":73},{"name":"ICC T20 World Cup","sport":"Cricket","category":"Internacionales","imageUrl":"https://upload.wikimedia.org/wikipedia/en/thumb/d/dd/2022_ICC_Men%27s_T20_World_Cup_logo.svg/1200px-2022_ICC_Men%27s_T20_World_Cup_logo.svg.png","lastUpdated":"2025-04-08T13:33:51.051Z","id":74},{"name":"Ashes (Inglaterra vs. Australia)","sport":"Cricket","category":"Internacionales","imageUrl":"https://www.shutterstock.com/image-photo/australia-vs-england-cricket-match-260nw-2580483211.jpg","lastUpdated":"2025-04-08T13:33:52.054Z","id":75},{"name":"Border-Gavaskar Trophy (India vs. Australia)","sport":"Cricket","category":"Internacionales","imageUrl":"https://m.economictimes.com/thumb/msid-97730466,width-1200,height-900,resizemode-4,imgsize-7200/india-vs-australia-live-streaming-when-and-where-to-watch-border-gavaskar-trophy-live.jpg","lastUpdated":"2025-04-08T13:33:53.091Z","id":76},{"name":"Champions Trophy","sport":"Cricket","category":"Internacionales","imageUrl":"https://upload.wikimedia.org/wikipedia/commons/thumb/6/64/2025_ICC_Men%27s_Champions_Trophy_Logo.svg/1280px-2025_ICC_Men%27s_Champions_Trophy_Logo.svg.png","lastUpdated":"2025-04-08T13:33:53.947Z","id":77},{"name":"Indian Premier League (IPL) (India)","sport":"Cricket","category":"Ligas","imageUrl":"https://brandlogos.net/wp-content/uploads/2021/12/indian_premier_league-brandlogo.net_.png","lastUpdated":"2025-04-08T13:33:55.019Z","id":78},{"name":"Big Bash League (Australia)","sport":"Cricket","category":"Ligas","imageUrl":"https://1000logos.net/wp-content/uploads/2021/10/Big-Bash-League-Logo.png","lastUpdated":"2025-04-08T13:33:56.043Z","id":79},{"name":"Pakistan Super League (Pakistán)","sport":"Cricket","category":"Ligas","imageUrl":"https://upload.wikimedia.org/wikipedia/commons/thumb/4/4c/Pakistan_Super_League_Logo.svg/1280px-Pakistan_Super_League_Logo.svg.png","lastUpdated":"2025-04-08T13:33:57.384Z","id":80},{"name":"Bangladesh Premier League (Bangladesh)","sport":"Cricket","category":"Ligas","imageUrl":"https://upload.wikimedia.org/wikipedia/commons/thumb/e/e0/%E0%A6%AC%E0%A6%BE%E0%A6%82%E0%A6%B2%E0%A6%BE%E0%A6%A6%E0%A7%87%E0%A6%B6_%E0%A6%AA%E0%A7%8D%E0%A6%B0%E0%A6%BF%E0%A6%AE%E0%A6%BF%E0%A6%AF%E0%A6%BC%E0%A6%BE%E0%A6%B0_%E0%A6%B2%E0%A6%BF%E0%A6%97%E0%A7%87%E0%A6%B0_%E0%A6%B2%E0%A7%8B%E0%A6%97%E0%A7%8B.svg/1200px-%E0%A6%AC%E0%A6%BE%E0%A6%82%E0%A6%B2%E0%A6%BE%E0%A6%A6%E0%A7%87%E0%A6%B6_%E0%A6%AA%E0%A7%8D%E0%A6%B0%E0%A6%BF%E0%A6%AE%E0%A6%BF%E0%A6%AF%E0%A6%BC%E0%A6%BE%E0%A6%B0_%E0%A6%B2%E0%A6%BF%E0%A6%97%E0%A7%87%E0%A6%B0_%E0%A6%B2%E0%A7%8B%E0%A6%97%E0%A7%8B.svg.png","lastUpdated":"2025-04-08T13:33:58.505Z","id":81},{"name":"County Championship (Inglaterra)","sport":"Cricket","category":"Ligas","imageUrl":"https://logotyp.us/file/championship.svg","lastUpdated":"2025-04-08T13:33:59.836Z","id":82},{"name":"Australian Open","sport":"Tenis","category":"Grand Slams","imageUrl":"https://upload.wikimedia.org/wikipedia/commons/thumb/b/b4/Australian_Open_Logo_2017.svg/2048px-Australian_Open_Logo_2017.svg.png","lastUpdated":"2025-04-08T13:34:01.098Z","id":83},{"name":"Roland Garros (Francia)","sport":"Tenis","category":"Grand Slams","imageUrl":"https://upload.wikimedia.org/wikipedia/fr/thumb/1/1d/Logo_Roland-Garros.svg/1024px-Logo_Roland-Garros.svg.png","lastUpdated":"2025-04-08T13:34:01.942Z","id":84},{"name":"Wimbledon (Reino Unido)","sport":"Tenis","category":"Grand Slams","imageUrl":"https://svgmix.com/uploads/3a4eb8-wimbledon.svg","lastUpdated":"2025-04-08T13:34:03.001Z","id":85},{"name":"US Open","sport":"Tenis","category":"Grand Slams","imageUrl":"https://upload.wikimedia.org/wikipedia/commons/c/cd/Usopen-horizontal-logo.svg","lastUpdated":"2025-04-08T13:34:04.003Z","id":86},{"name":"ATP Finals","sport":"Tenis","category":"Competencias","imageUrl":"https://upload.wikimedia.org/wikipedia/commons/thumb/9/90/Nitto_ATP_Finals_logo.jpg/2560px-Nitto_ATP_Finals_logo.jpg","lastUpdated":"2025-04-08T13:34:04.963Z","id":87},{"name":"Davis Cup","sport":"Tenis","category":"Competencias","imageUrl":"https://upload.wikimedia.org/wikipedia/commons/6/65/Logo_Davis_Cup.svg","lastUpdated":"2025-04-08T13:34:05.778Z","id":88},{"name":"Fed Cup","sport":"Tenis","category":"Competencias","imageUrl":"https://cdn.worldvectorlogo.com/logos/fed-cup.svg","lastUpdated":"2025-04-08T13:34:06.679Z","id":89},{"name":"WTA Finals","sport":"Tenis","category":"Competencias","imageUrl":"https://upload.wikimedia.org/wikipedia/commons/3/30/2019_WTA_Finals_logo.jpeg","lastUpdated":"2025-04-08T13:34:07.617Z","id":90},{"name":"ATP Cup","sport":"Tenis","category":"Competencias","imageUrl":"https://upload.wikimedia.org/wikipedia/en/thumb/1/1f/ATP_Cup_logo.svg/1200px-ATP_Cup_logo.svg.png","lastUpdated":"2025-04-08T13:34:08.468Z","id":91},{"name":"Masters 1000","sport":"Tenis","category":"Competencias","imageUrl":"https://images.seeklogo.com/logo-png/25/1/atp-world-tour-masters-1000-logo-png_seeklogo-251003.png","lastUpdated":"2025-04-08T13:34:09.500Z","id":92},{"name":"FIVB Volleyball World Cup","sport":"Voleibol","category":"Internacionales","imageUrl":"https://upload.wikimedia.org/wikipedia/commons/thumb/a/ae/F%C3%A9d%C3%A9ration_Internationale_de_Volleyball_logo.svg/1200px-F%C3%A9d%C3%A9ration_Internationale_de_Volleyball_logo.svg.png","lastUpdated":"2025-04-08T13:34:10.437Z","id":93},{"name":"FIVB Volleyball Nations League","sport":"Voleibol","category":"Internacionales","imageUrl":"https://upload.wikimedia.org/wikipedia/commons/thumb/6/6f/Volleyball_Nations_League_Logo.png/800px-Volleyball_Nations_League_Logo.png","lastUpdated":"2025-04-08T13:34:12.769Z","id":94},{"name":"Olympic Volleyball Tournament","sport":"Voleibol","category":"Internacionales","imageUrl":"https://i.etsystatic.com/13221305/r/il/770256/1862203506/il_1080xN.1862203506_1crj.jpg","lastUpdated":"2025-04-08T13:34:14.324Z","id":95},{"name":"World Championships","sport":"Voleibol","category":"Internacionales","imageUrl":"https://upload.wikimedia.org/wikipedia/commons/thumb/e/ee/2022_World_Athletics_Championships_logo.svg/1200px-2022_World_Athletics_Championships_logo.svg.png","lastUpdated":"2025-04-08T13:34:15.535Z","id":96},{"name":"Serie A1 (Italia)","sport":"Voleibol","category":"Ligas","imageUrl":"https://upload.wikimedia.org/wikipedia/commons/thumb/a/aa/Serie_A.svg/1649px-Serie_A.svg.png","lastUpdated":"2025-04-08T13:34:16.542Z","id":97},{"name":"V-League (Japón)","sport":"Voleibol","category":"Ligas","imageUrl":"https://upload.wikimedia.org/wikipedia/commons/thumb/c/cb/V_League_logo.svg/1200px-V_League_logo.svg.png","lastUpdated":"2025-04-08T13:34:17.738Z","id":98},{"name":"Superliga (Brasil)","sport":"Voleibol","category":"Ligas","imageUrl":"https://upload.wikimedia.org/wikipedia/en/0/07/Superliga_Masculina.png","lastUpdated":"2025-04-08T13:34:18.784Z","id":99},{"name":"CEV Champions League (Europa)","sport":"Voleibol","category":"Ligas","imageUrl":"https://upload.wikimedia.org/wikipedia/commons/8/86/CEV_Champions_League_2021_Logo.png","lastUpdated":"2025-04-08T13:34:20.015Z","id":100},{"name":"Premier Volleyball League (Filipinas)","sport":"Voleibol","category":"Ligas","imageUrl":"https://upload.wikimedia.org/wikipedia/en/3/33/Premier_Volleyball_League_Philippines_logo.svg","lastUpdated":"2025-04-08T13:34:21.257Z","id":101},{"name":"World Handball Championships","sport":"Balonmano","category":"Internacionales","imageUrl":"https://upload.wikimedia.org/wikipedia/en/thumb/1/18/2023_World_Men%27s_Handball_Championship_Logo.svg/1200px-2023_World_Men%27s_Handball_Championship_Logo.svg.png","lastUpdated":"2025-04-08T13:34:22.256Z","id":102},{"name":"Olympic Handball Tournament","sport":"Balonmano","category":"Internacionales","imageUrl":"https://upload.wikimedia.org/wikipedia/commons/thumb/5/52/Handball_pictogram.svg/1024px-Handball_pictogram.svg.png","lastUpdated":"2025-04-08T13:34:23.056Z","id":103},{"name":"EHF Champions League (Europa)","sport":"Balonmano","category":"Ligas","imageUrl":"https://upload.wikimedia.org/wikipedia/commons/c/cf/EHF_Champions_League_Logo_2020.svg","lastUpdated":"2025-04-08T13:34:24.063Z","id":104},{"name":"Liga ASOBAL (España)","sport":"Balonmano","category":"Ligas","imageUrl":"https://upload.wikimedia.org/wikipedia/fr/b/b3/Liga_Asobal_2016_logo.svg","lastUpdated":"2025-04-08T13:34:25.325Z","id":105},{"name":"Bundesliga (Alemania)","sport":"Balonmano","category":"Ligas","imageUrl":"https://vectorportal.com/storage/bundesliga_3484.jpg","lastUpdated":"2025-04-08T13:34:25.972Z","id":106},{"name":"French Handball League","sport":"Balonmano","category":"Ligas","imageUrl":"https://upload.wikimedia.org/wikipedia/en/thumb/4/49/French_Handball_Federation_logo.svg/1200px-French_Handball_Federation_logo.svg.png","lastUpdated":"2025-04-08T13:34:27.249Z","id":107},{"name":"Fórmula 1 World Championship","sport":"Motorsports","category":"Internacionales","imageUrl":"https://upload.wikimedia.org/wikipedia/commons/8/80/FIA_Formula_One_World_Championship_Logo.svg","lastUpdated":"2025-04-08T13:34:28.134Z","id":108},{"name":"MotoGP","sport":"Motorsports","category":"Internacionales","imageUrl":"https://upload.wikimedia.org/wikipedia/commons/a/a0/Moto_Gp_logo.svg","lastUpdated":"2025-04-08T13:34:28.953Z","id":109},{"name":"WRC (World Rally Championship)","sport":"Motorsports","category":"Internacionales","imageUrl":"https://upload.wikimedia.org/wikipedia/commons/9/9c/WRC.svg","lastUpdated":"2025-04-08T13:34:29.788Z","id":110},{"name":"IndyCar Series (Estados Unidos)","sport":"Motorsports","category":"Internacionales","imageUrl":"https://upload.wikimedia.org/wikipedia/en/thumb/b/b5/IndyCar_Series_logo.svg/1200px-IndyCar_Series_logo.svg.png","lastUpdated":"2025-04-08T13:34:30.590Z","id":111},{"name":"World Endurance Championship (WEC)","sport":"Motorsports","category":"Internacionales","imageUrl":"https://upload.wikimedia.org/wikipedia/en/thumb/f/fa/FIA_WEC_Logo_2019.svg/2560px-FIA_WEC_Logo_2019.svg.png","lastUpdated":"2025-04-08T13:34:31.440Z","id":112},{"name":"NASCAR Cup Series (Estados Unidos)","sport":"Motorsports","category":"Internacionales","imageUrl":"https://upload.wikimedia.org/wikipedia/commons/thumb/c/cb/NASCAR_Cup_Series_logo.svg/2560px-NASCAR_Cup_Series_logo.svg.png","lastUpdated":"2025-04-08T13:34:32.370Z","id":113},{"name":"Formula E (Coches eléctricos)","sport":"Motorsports","category":"Internacionales","imageUrl":"https://upload.wikimedia.org/wikipedia/commons/9/9b/Formula_E_Logo.png","lastUpdated":"2025-04-08T13:34:33.329Z","id":114},{"name":"Grand Slam (Masters, US Open, The Open, PGA Championship)","sport":"Golf","category":"Internacionales","imageUrl":"https://upload.wikimedia.org/wikipedia/commons/c/cd/Usopen-horizontal-logo.svg","lastUpdated":"2025-04-08T13:34:34.469Z","id":115},{"name":"Ryder Cup (Europa vs. USA)","sport":"Golf","category":"Internacionales","imageUrl":"https://static.cdnlogo.com/logos/r/68/ryder-cup-2023-800x800.png","lastUpdated":"2025-04-08T13:34:35.433Z","id":116},{"name":"Presidents Cup (América vs. Resto del mundo)","sport":"Golf","category":"Internacionales","imageUrl":"https://images.seeklogo.com/logo-png/43/1/2022-presidents-cup-logo-png_seeklogo-430991.png","lastUpdated":"2025-04-08T13:34:36.756Z","id":117},{"name":"PGA Tour (Estados Unidos)","sport":"Golf","category":"Ligas","imageUrl":"https://findlogovector.com/wp-content/uploads/2022/03/pga-tour-vector-logo-2022.png","lastUpdated":"2025-04-08T13:34:37.686Z","id":118},{"name":"European Tour","sport":"Golf","category":"Ligas","imageUrl":"https://findlogovector.com/wp-content/uploads/2019/08/european-tour-logo-vector.png","lastUpdated":"2025-04-08T13:34:38.558Z","id":119},{"name":"LPGA Tour (Mujeres)","sport":"Golf","category":"Ligas","imageUrl":"https://getvectorlogo.com/wp-content/uploads/2019/03/ladies-professional-golf-association-lpga-vector-logo.png","lastUpdated":"2025-04-08T13:34:39.667Z","id":120},{"name":"World Athletics Championships","sport":"Atletismo","category":"Internacionales","imageUrl":"https://upload.wikimedia.org/wikipedia/commons/2/24/World_Athletics_logo.svg","lastUpdated":"2025-04-08T13:34:40.666Z","id":121},{"name":"Olympic Track and Field","sport":"Atletismo","category":"Internacionales","imageUrl":"https://upload.wikimedia.org/wikipedia/commons/8/8f/Athletics_pictogram.svg","lastUpdated":"2025-04-08T13:34:41.876Z","id":122},{"name":"Diamond League","sport":"Atletismo","category":"Internacionales","imageUrl":"https://upload.wikimedia.org/wikipedia/commons/thumb/9/94/Diamond_League_logo.svg/2560px-Diamond_League_logo.svg.png","lastUpdated":"2025-04-08T13:34:42.873Z","id":123},{"name":"World Cross Country Championships","sport":"Atletismo","category":"Internacionales","imageUrl":"https://upload.wikimedia.org/wikipedia/fr/a/a8/Logo_championnats_du_monde_de_cross-country_2023.png","lastUpdated":"2025-04-08T13:34:43.880Z","id":124},{"name":"World Athletics Continental Tour","sport":"Atletismo","category":"Ligas","imageUrl":"https://www.time-to-run.com/track/wp-content/uploads/2020/01/Continental-Tour-2020.png","lastUpdated":"2025-04-08T13:34:44.925Z","id":125},{"name":"League of Legends World Championship","sport":"Esports","category":"Ligas","imageUrl":"https://images.seeklogo.com/logo-png/52/1/league-of-legends-world-championship-logo-png_seeklogo-525588.png","lastUpdated":"2025-04-08T13:34:45.788Z","id":126},{"name":"The International (Dota 2)","sport":"Esports","category":"Ligas","imageUrl":"https://i.pinimg.com/736x/cf/ed/93/cfed938037ab9b0e72b25b36f6c336b4.jpg","lastUpdated":"2025-04-08T13:34:46.794Z","id":127},{"name":"CS:GO Major Series (ESL/BLAST)","sport":"Esports","category":"Ligas","imageUrl":"https://i.redd.it/81ucs1foe0l11.png","lastUpdated":"2025-04-08T13:34:48.162Z","id":128},{"name":"Fortnite World Cup","sport":"Esports","category":"Ligas","imageUrl":"https://upload.wikimedia.org/wikipedia/en/d/d5/Fortnite_world_cup.png","lastUpdated":"2025-04-08T13:34:49.359Z","id":129},{"name":"Call of Duty League","sport":"Esports","category":"Ligas","imageUrl":"https://upload.wikimedia.org/wikipedia/commons/5/53/CDL_Logo_2023.svg","lastUpdated":"2025-04-08T13:34:50.287Z","id":130},{"name":"Overwatch League","sport":"Esports","category":"Ligas","imageUrl":"https://upload.wikimedia.org/wikipedia/en/thumb/7/74/Overwatch_League_logo.svg/1200px-Overwatch_League_logo.svg.png","lastUpdated":"2025-04-08T13:34:51.250Z","id":131},{"name":"Rainbow Six Siege Pro League","sport":"Esports","category":"Ligas","imageUrl":"https://pbs.twimg.com/profile_images/1075817928732241920/IBlGn3cT_400x400.jpg","lastUpdated":"2025-04-08T13:34:52.222Z","id":132},{"name":"Olympic Winter Games","sport":"Deportes de Invierno","category":"Internacionales","imageUrl":"https://upload.wikimedia.org/wikipedia/commons/thumb/2/2c/2026_Winter_Olympics_logo.svg/1200px-2026_Winter_Olympics_logo.svg.png","lastUpdated":"2025-04-08T13:34:53.143Z","id":133},{"name":"FIFA World Cup (Hockey sobre hielo)","sport":"Deportes de Invierno","category":"Internacionales","imageUrl":"https://images.seeklogo.com/logo-png/28/2/world-cup-of-hockey-2016-logo-png_seeklogo-284809.png","lastUpdated":"2025-04-08T13:34:54.484Z","id":134},{"name":"FIS Alpine World Ski Championships","sport":"Deportes de Invierno","category":"Internacionales","imageUrl":"https://i.pinimg.com/474x/61/12/d9/6112d9c02f984f04743cd50225fe91d7.jpg","lastUpdated":"2025-04-08T13:34:55.527Z","id":135},{"name":"World Cup of Ski Jumping","sport":"Deportes de Invierno","category":"Internacionales","imageUrl":"https://upload.wikimedia.org/wikipedia/en/6/6e/FIS_Ski_Jumping_World_Cup.png","lastUpdated":"2025-04-08T13:34:56.511Z","id":136},{"name":"NHL Stanley Cup (Hockey sobre hielo)","sport":"Deportes de Invierno","category":"Ligas","imageUrl":"https://i.etsystatic.com/33649279/r/il/b4eddf/5711113030/il_fullxfull.5711113030_kz3c.jpg","lastUpdated":"2025-04-08T13:34:57.922Z","id":137},{"name":"World Cup Biathlon","sport":"Deportes de Invierno","category":"Ligas","imageUrl":"https://www.vectorkhazana.com/assets/images/products/Biathlon_Mens_World_Cup_Oberhof_202.jpg","lastUpdated":"2025-04-08T13:34:58.879Z","id":138},{"name":"FINA World Championships","sport":"Natación y Deportes Acuáticos","category":"Internacionales","imageUrl":"https://upload.wikimedia.org/wikipedia/en/6/67/2022_FINA_World_Swimming_Championships_%2825_m%29_logo.svg","lastUpdated":"2025-04-08T13:34:59.793Z","id":139},{"name":"Olympic Swimming Events","sport":"Natación y Deportes Acuáticos","category":"Internacionales","imageUrl":"https://upload.wikimedia.org/wikipedia/commons/e/eb/Swimming_pictogram.svg","lastUpdated":"2025-04-08T13:35:00.658Z","id":140},{"name":"Diving World Series","sport":"Natación y Deportes Acuáticos","category":"Internacionales","imageUrl":"https://1000logos.net/wp-content/uploads/2024/10/MLB-World-Series-Logo.png","lastUpdated":"2025-04-08T13:35:01.633Z","id":141},{"name":"World Aquatics Championships","sport":"Natación y Deportes Acuáticos","category":"Ligas","imageUrl":"https://upload.wikimedia.org/wikipedia/commons/7/70/World_Aquatics_Championships_logo.svg","lastUpdated":"2025-04-08T13:35:02.667Z","id":142},{"name":"Tour de France","sport":"Ciclismo","category":"Internacionales","imageUrl":"https://upload.wikimedia.org/wikipedia/commons/e/eb/Tour_de_France_logo.svg","lastUpdated":"2025-04-08T13:35:03.719Z","id":143},{"name":"Giro d'Italia","sport":"Ciclismo","category":"Internacionales","imageUrl":"https://upload.wikimedia.org/wikipedia/commons/thumb/b/b3/Giro_d%27Italia_-_Logo_2018.svg/2560px-Giro_d%27Italia_-_Logo_2018.svg.png","lastUpdated":"2025-04-08T13:35:06.446Z","id":144},{"name":"Vuelta a España","sport":"Ciclismo","category":"Internacionales","imageUrl":"https://upload.wikimedia.org/wikipedia/commons/thumb/4/4b/La_Vuelta_%28Spain%29_logo.svg/1280px-La_Vuelta_%28Spain%29_logo.svg.png","lastUpdated":"2025-04-08T13:35:07.223Z","id":145},{"name":"UCI World Tour","sport":"Ciclismo","category":"Internacionales","imageUrl":"https://upload.wikimedia.org/wikipedia/en/thumb/e/e8/UCI_World_Tour_logo.svg/1200px-UCI_World_Tour_logo.svg.png","lastUpdated":"2025-04-08T13:35:08.158Z","id":146},{"name":"Tour Down Under","sport":"Ciclismo","category":"Internacionales","imageUrl":"https://upload.wikimedia.org/wikipedia/en/thumb/d/dd/Tour_Down_Under_logo.svg/1200px-Tour_Down_Under_logo.svg.png","lastUpdated":"2025-04-08T13:35:09.104Z","id":147},{"name":"Tour de Pekín","sport":"Ciclismo","category":"Internacionales","imageUrl":"https://upload.wikimedia.org/wikipedia/commons/thumb/0/00/Tour_de_France_logo_%282018%29.svg/1200px-Tour_de_France_logo_%282018%29.svg.png","lastUpdated":"2025-04-08T13:35:10.239Z","id":148},{"name":"WBC, WBA, IBF, WBO World Championships","sport":"Boxeo y Artes Marciales","category":"Internacionales","imageUrl":"https://c8.alamy.com/comp/2C4663Y/kiev-ukraine-april-10-2019-collection-of-main-world-professional-boxing-organizations-logos-such-as-wbo-wba-wbc-ibf-2C4663Y.jpg","lastUpdated":"2025-04-08T13:35:11.344Z","id":149},{"name":"UFC (Ultimate Fighting Championship)","sport":"Boxeo y Artes Marciales","category":"Internacionales","imageUrl":"https://upload.wikimedia.org/wikipedia/commons/a/ae/Logo_of_the_Ultimate_Fighting_Championship.svg","lastUpdated":"2025-04-08T13:35:12.232Z","id":150},{"name":"Olympic Boxing/Grappling","sport":"Boxeo y Artes Marciales","category":"Internacionales","imageUrl":"https://upload.wikimedia.org/wikipedia/commons/c/c2/Boxing_pictogram.svg","lastUpdated":"2025-04-08T13:35:13.484Z","id":151},{"name":"Bellator MMA","sport":"Boxeo y Artes Marciales","category":"Ligas","imageUrl":"https://upload.wikimedia.org/wikipedia/commons/e/e6/Bellator_MMA_Logo.svg","lastUpdated":"2025-04-08T13:35:14.163Z","id":152},{"name":"WWE (Lucha profesional)","sport":"Boxeo y Artes Marciales","category":"Ligas","imageUrl":"https://upload.wikimedia.org/wikipedia/commons/c/c4/WWE_official_logo.svg","lastUpdated":"2025-04-08T13:35:15.175Z","id":153},{"name":"FIFA Futsal World Cup","sport":"Deportes Regionales y Alternativos","category":"Futsal","imageUrl":"https://upload.wikimedia.org/wikipedia/en/thumb/3/35/2024_FIFA_Futsal_World_Cup_logo.svg/1200px-2024_FIFA_Futsal_World_Cup_logo.svg.png","lastUpdated":"2025-04-08T13:35:16.088Z","id":154},{"name":"FIFA Beach Soccer World Cup","sport":"Deportes Regionales y Alternativos","category":"Beach Soccer","imageUrl":"https://upload.wikimedia.org/wikipedia/en/0/0d/2019_FIFA_Beach_Soccer_World_Cup_logo.svg","lastUpdated":"2025-04-08T13:35:17.154Z","id":155},{"name":"NRL (Australia)","sport":"Deportes Regionales y Alternativos","category":"Rugby League","imageUrl":"https://upload.wikimedia.org/wikipedia/en/5/50/National_Rugby_League.svg","lastUpdated":"2025-04-08T13:35:18.128Z","id":156},{"name":"Super League (Europa)","sport":"Deportes Regionales y Alternativos","category":"Rugby League","imageUrl":"https://seeklogo.com/images/E/european-super-league-logo-0E23B01EA1-seeklogo.com.png","lastUpdated":"2025-04-08T13:35:19.256Z","id":157},{"name":"T20 Blast (Inglaterra)","sport":"Deportes Regionales y Alternativos","category":"Cricket T20","imageUrl":"https://upload.wikimedia.org/wikipedia/en/6/63/T20_Blast_logo.svg","lastUpdated":"2025-04-08T13:35:20.676Z","id":158},{"name":"Big Bash League (Australia)","sport":"Deportes Regionales y Alternativos","category":"Cricket T20","imageUrl":"https://1000logos.net/wp-content/uploads/2021/10/Big-Bash-League-Logo.png","lastUpdated":"2025-04-08T13:35:21.609Z","id":159},{"name":"World Beach Handball Championships","sport":"Otros Deportes Relevantes","category":"Balonmano Playa","imageUrl":"https://asianhandball.org/wp-content/uploads/2022/04/10MWBHWC-2022-Greece.jpg","lastUpdated":"2025-04-08T13:35:22.548Z","id":160},{"name":"FIVB Beach Volleyball World Tour","sport":"Otros Deportes Relevantes","category":"Voleibol Playa","imageUrl":"https://upload.wikimedia.org/wikipedia/en/f/fc/Swatch_FIVB_Beach_Volleyball_World_Tour_logo.jpg","lastUpdated":"2025-04-08T13:35:23.768Z","id":161},{"name":"World Curling Championships","sport":"Otros Deportes Relevantes","category":"Curling","imageUrl":"https://worldcurling.org/wp-content/uploads/2024/01/WCF_Logo_Landscape_Colour.svg","lastUpdated":"2025-04-08T13:35:24.718Z","id":162},{"name":"Olympic Fencing","sport":"Otros Deportes Relevantes","category":"Esgrima","imageUrl":"https://upload.wikimedia.org/wikipedia/commons/0/02/Fencing_pictogram.svg","lastUpdated":"2025-04-08T13:35:25.563Z","id":163},{"name":"World Archery Championships","sport":"Otros Deportes Relevantes","category":"Tiro con Arco","imageUrl":"https://www.worldarchery.sport/themes/custom/wa_radix/logo.svg","lastUpdated":"2025-04-08T13:35:26.530Z","id":164}]